{
    "Ammonia (NH3)": {
        "D0": 1158906.24, 
        "D0m": 1.9244540684158087e-18, 
        "Mw": 17.04, 
        "Mwm": 2.8296247093988705e-26, 
        "W0": 1.0, 
        "sigma": 3.0, 
        "theta_r": [
            13.6, 
            13.6, 
            8.92
        ], 
        "theta_v": [
            1360.0, 
            4800.0, 
            4880.0, 
            4880.0, 
            2330.0, 
            2330.0
        ], 
        "type": "nonlinear"
    }, 
    "Carbon Dioxide (CO2)": {
        "D0": 1596196, 
        "Mw": 44.01, 
        "W0": 1.0, 
        "sigma": 2.0, 
        "theta_r": 0.561, 
        "theta_v": [
            1890.0, 
            3360.0, 
            954.0, 
            954.0
        ], 
        "type": "linear"
    }, 
    "Carbon Tetrachloride (CCl4)": {
        "D0": 1292019.2, 
        "D0m": 2.145498505479907e-18, 
        "Mw": 153.823, 
        "Mwm": 2.554350714048489e-25, 
        "W0": 1.0, 
        "sigma": 12.0, 
        "theta_r": [
            0.082, 
            0.082, 
            0.082
        ], 
        "theta_v": [
            310.0, 
            310.0, 
            450.0, 
            450.0, 
            450.0, 
            660.0, 
            1120.0, 
            1120.0, 
            1120.0
        ], 
        "type": "nonlinear"
    }, 
    "Chloromethane (CH3Cl)": {
        "D0": 1551008.8, 
        "Mw": 50.49, 
        "W0": 1.0, 
        "sigma": 3.0, 
        "theta_r": [
            7.32, 
            0.637, 
            0.637
        ], 
        "theta_v": [
            1050.0, 
            1950.0, 
            4270.0, 
            1460.0, 
            1460.0, 
            2140.0, 
            2140.0, 
            4380.0, 
            4380.0
        ], 
        "type": "nonlinear"
    }, 
    "Methane (CH4)": {
        "D0": 1640546.4, 
        "D0m": 2.724255064762537e-18, 
        "Mw": 16.04, 
        "Mwm": 2.663566921288608e-26, 
        "W0": 1.0, 
        "sigma": 12.0, 
        "theta_r": [
            7.54, 
            7.54, 
            7.54
        ], 
        "theta_v": [
            1870.0, 
            1870.0, 
            1870.0, 
            2180.0, 
            2180.0, 
            4170.0, 
            4320.0, 
            4320.0, 
            4320.0
        ], 
        "type": "nonlinear"
    }, 
    "Nitrogen Dioxide (NO2)": {
        "D0": 928011.2, 
        "D0m": 1.541034872135503e-18, 
        "Mw": 46.0, 
        "Mwm": 7.638658253072068e-26, 
        "W0": 1.0, 
        "sigma": 2.0, 
        "theta_r": [
            0.59, 
            0.624, 
            11.5
        ], 
        "theta_v": [
            1900.0, 
            1980.0, 
            2330.0
        ], 
        "type": "nonlinear"
    }, 
    "Nitrous Oxide (N2O)": {
        "D0": 1103739.2, 
        "Mw": 44.01, 
        "W0": 1.0, 
        "sigma": 1.0, 
        "theta_r": [
            0.603
        ], 
        "theta_v": [
            850.0, 
            850.0, 
            1840.0, 
            3200.0
        ], 
        "type": "linear"
    }, 
    "Sulfur Dioxide (SO2)": {
        "D0": 1062736.0, 
        "Mw": 63.96, 
        "W0": 1.0, 
        "sigma": 2.0, 
        "theta_r": [
            0.422, 
            0.495, 
            2.92
        ], 
        "theta_v": [
            750.0, 
            1660.0, 
            1960.0
        ], 
        "type": "nonlinear"
    }, 
    "Water (H2O)": {
        "D0": 917551.2, 
        "Mw": 18.0, 
        "W0": 1.0, 
        "sigma": 2.0, 
        "theta_r": [
            13.4, 
            20.9, 
            40.1
        ], 
        "theta_v": [
            2290.0, 
            5160.0, 
            5360.0
        ], 
        "type": "nonlinear"
    }
}