{
    "Ammonia (NH3)": {
        "D0": 1158906.24, 
        "D0m": 1.9244540684158087e-18, 
        "Mw": 17.0, 
        "Mwm": 2.82298239787446e-26, 
        "W0": 1.0, 
        "sigma": 3.0, 
        "theta_r": [
            13.6, 
            13.6, 
            8.92
        ], 
        "theta_v": [
            1360.0, 
            4800.0, 
            4880.0, 
            4880.0, 
            2330.0, 
            2330.0
        ], 
        "type": "nonlinear"
    }, 
    "Carbon Dioxide (CO2)": {
        "D0": 1597264.2, 
        "D0m": 2.6523816007970774e-18, 
        "Mw": 44.01, 
        "Mwm": 7.308203254732646e-26, 
        "W0": 1.0, 
        "sigma": 2.0, 
        "theta_r": 0.561, 
        "theta_v": [
            1890.0, 
            3360.0, 
            954.0, 
            954.0
        ], 
        "type": "linear"
    }, 
    "Chloromethane (CH3Cl)": {
        "D0": 1552046.76, 
        "D0m": 2.5772945200929923e-18, 
        "Mw": 50.49, 
        "Mwm": 8.384257721687146e-26, 
        "W0": 1.0, 
        "sigma": 3.0, 
        "theta_r": [
            7.32, 
            0.637, 
            0.637
        ], 
        "theta_v": [
            1050.0, 
            1950.0, 
            4270.0, 
            1460.0, 
            1460.0, 
            2140.0, 
            2140.0, 
            4380.0, 
            4380.0
        ], 
        "type": "nonlinear"
    }
}